platform,domain,url,halflife_hours,event_observed
X,fullfact.org,https://fullfact.org/a/0,11.697692403758687,1
X,fullfact.org,https://fullfact.org/a/1,0.9882955368522202,1
X,fullfact.org,https://fullfact.org/a/2,9.622990090501853,1
X,fullfact.org,https://fullfact.org/a/3,7.935949769928857,1
X,fullfact.org,https://fullfact.org/a/4,4.950697836068219,1
X,fullfact.org,https://fullfact.org/a/5,12.576472592842102,1
X,fullfact.org,https://fullfact.org/a/6,13.531079954032698,1
X,fullfact.org,https://fullfact.org/a/7,3.4675691259377817,1
X,fullfact.org,https://fullfact.org/a/8,5.3199281753970125,1
X,fullfact.org,https://fullfact.org/a/9,10.486908848919668,1
X,fullfact.org,https://fullfact.org/a/10,0.8879218301365595,1
X,fullfact.org,https://fullfact.org/a/11,5.793629295387339,1
X,fullfact.org,https://fullfact.org/a/12,8.218157471699135,1
X,fullfact.org,https://fullfact.org/a/13,8.655470055817279,1
X,fullfact.org,https://fullfact.org/a/14,4.316516914274821,1
X,fullfact.org,https://fullfact.org/a/15,12.654437024463022,1
X,fullfact.org,https://fullfact.org/a/16,3.1297575801485644,1
X,fullfact.org,https://fullfact.org/a/17,8.960831419476266,1
X,fullfact.org,https://fullfact.org/a/18,8.33505465997899,1
X,fullfact.org,https://fullfact.org/a/19,5.989101032738102,1
X,fullfact.org,https://fullfact.org/a/20,7.197244270176452,1
X,fullfact.org,https://fullfact.org/a/21,6.649261845159095,1
X,fullfact.org,https://fullfact.org/a/22,5.512753114310104,1
X,fullfact.org,https://fullfact.org/a/23,8.088662024942243,1
X,fullfact.org,https://fullfact.org/a/24,4.693194931782811,1
X,fullfact.org,https://fullfact.org/a/25,11.402194459221061,1
X,fullfact.org,https://fullfact.org/a/26,3.916338240548046,1
X,fullfact.org,https://fullfact.org/a/27,7.611218803860345,1
X,fullfact.org,https://fullfact.org/a/28,10.631571086275587,1
X,fullfact.org,https://fullfact.org/a/29,9.785602513497684,1
X,fullfact.org,https://fullfact.org/a/30,3.6147261008454348,1
X,fullfact.org,https://fullfact.org/a/31,5.405935088699718,1
X,fullfact.org,https://fullfact.org/a/32,14.430780286935311,1
X,fullfact.org,https://fullfact.org/a/33,13.67691448723088,1
X,fullfact.org,https://fullfact.org/a/34,3.5384068032470015,1
X,fullfact.org,https://fullfact.org/a/35,7.233185291998741,1
X,fullfact.org,https://fullfact.org/a/36,3.3237513662406846,1
X,fullfact.org,https://fullfact.org/a/37,6.335932438736899,1
X,fullfact.org,https://fullfact.org/a/38,3.0731058792507095,1
X,fullfact.org,https://fullfact.org/a/39,6.5013689594829405,1
X,fullfact.org,https://fullfact.org/a/40,3.723558777853265,1
X,fullfact.org,https://fullfact.org/a/41,9.706927548855317,1
X,fullfact.org,https://fullfact.org/a/42,7.324585100302435,1
X,fullfact.org,https://fullfact.org/a/43,7.087844604257638,1
X,fullfact.org,https://fullfact.org/a/44,8.497719476121443,1
X,fullfact.org,https://fullfact.org/a/45,6.5834070857439855,1
X,fullfact.org,https://fullfact.org/a/46,12.167839264762314,1
X,fullfact.org,https://fullfact.org/a/47,14.43583025880016,1
X,fullfact.org,https://fullfact.org/a/48,5.006715744699823,1
X,fullfact.org,https://fullfact.org/a/49,7.376686510840274,1
X,fullfact.org,https://fullfact.org/a/50,6.598180481217722,1
X,fullfact.org,https://fullfact.org/a/51,8.387083401665521,1
X,fullfact.org,https://fullfact.org/a/52,6.893626915151166,1
X,fullfact.org,https://fullfact.org/a/53,10.063357358344435,1
X,fullfact.org,https://fullfact.org/a/54,3.3331140355207105,1
X,fullfact.org,https://fullfact.org/a/55,3.9702072372628305,1
X,fullfact.org,https://fullfact.org/a/56,2.953647314359646,1
X,fullfact.org,https://fullfact.org/a/57,4.22730159209161,1
X,fullfact.org,https://fullfact.org/a/58,3.9265726563624805,1
X,fullfact.org,https://fullfact.org/a/59,4.825006076321151,1
X,fullfact.org,https://fullfact.org/a/60,5.961415752987151,1
X,fullfact.org,https://fullfact.org/a/61,10.371597688201918,1
X,fullfact.org,https://fullfact.org/a/62,14.04403856313138,1
X,fullfact.org,https://fullfact.org/a/63,8.042803108922564,1
X,fullfact.org,https://fullfact.org/a/64,4.928185660382122,1
X,fullfact.org,https://fullfact.org/a/65,4.529712881023626,1
X,fullfact.org,https://fullfact.org/a/66,6.502500315827477,1
X,fullfact.org,https://fullfact.org/a/67,5.817395845134605,1
X,fullfact.org,https://fullfact.org/a/68,3.9140938435727435,1
X,fullfact.org,https://fullfact.org/a/69,7.445075090866724,1
X,fullfact.org,https://fullfact.org/a/70,2.563704466621667,1
X,fullfact.org,https://fullfact.org/a/71,10.138292816955941,1
X,fullfact.org,https://fullfact.org/a/72,6.111409775253626,1
X,fullfact.org,https://fullfact.org/a/73,1.826055243081671,1
X,fullfact.org,https://fullfact.org/a/74,12.474327585641895,1
X,fullfact.org,https://fullfact.org/a/75,2.0118431994011363,1
X,fullfact.org,https://fullfact.org/a/76,13.17292612238984,1
X,fullfact.org,https://fullfact.org/a/77,8.972176548759764,1
X,fullfact.org,https://fullfact.org/a/78,9.710374091366702,1
X,fullfact.org,https://fullfact.org/a/79,5.750046976737888,1
X,fullfact.org,https://fullfact.org/a/80,7.880994557803986,1
X,fullfact.org,https://fullfact.org/a/81,2.7750517572699587,1
X,fullfact.org,https://fullfact.org/a/82,6.940125103229379,1
X,fullfact.org,https://fullfact.org/a/83,7.67873002426753,1
X,fullfact.org,https://fullfact.org/a/84,7.553840321772297,1
X,fullfact.org,https://fullfact.org/a/85,5.119175310059903,1
X,fullfact.org,https://fullfact.org/a/86,10.704922410636952,1
X,fullfact.org,https://fullfact.org/a/87,7.020164602922664,1
X,fullfact.org,https://fullfact.org/a/88,3.1501334922503794,1
X,fullfact.org,https://fullfact.org/a/89,6.447695290287366,1
X,fullfact.org,https://fullfact.org/a/90,16.933300972262852,1
X,fullfact.org,https://fullfact.org/a/91,7.316655702335277,1
X,fullfact.org,https://fullfact.org/a/92,7.7842735939965095,1
X,fullfact.org,https://fullfact.org/a/93,3.9173162580749947,1
X,fullfact.org,https://fullfact.org/a/94,6.8845083545774965,1
X,fullfact.org,https://fullfact.org/a/95,9.02052392023029,1
X,fullfact.org,https://fullfact.org/a/96,12.793475342488385,1
X,fullfact.org,https://fullfact.org/a/97,1.5712729534894039,1
X,fullfact.org,https://fullfact.org/a/98,6.182744199613805,1
X,fullfact.org,https://fullfact.org/a/99,9.883765578163944,1
X,fullfact.org,https://fullfact.org/a/100,2.8774593699769104,1
X,fullfact.org,https://fullfact.org/a/101,5.26045036767827,1
X,fullfact.org,https://fullfact.org/a/102,2.3411792948932213,1
X,fullfact.org,https://fullfact.org/a/103,5.061124699441739,1
X,fullfact.org,https://fullfact.org/a/104,7.078411903368849,1
X,fullfact.org,https://fullfact.org/a/105,9.209269103020867,1
X,fullfact.org,https://fullfact.org/a/106,7.179348732435037,1
X,fullfact.org,https://fullfact.org/a/107,7.381546745677705,1
X,fullfact.org,https://fullfact.org/a/108,5.589195434281677,1
X,fullfact.org,https://fullfact.org/a/109,9.165955164344519,1
X,fullfact.org,https://fullfact.org/a/110,5.957045146741868,1
X,fullfact.org,https://fullfact.org/a/111,1.3988476944057444,1
X,fullfact.org,https://fullfact.org/a/112,12.230755719054951,1
X,fullfact.org,https://fullfact.org/a/113,3.251854756614225,1
X,fullfact.org,https://fullfact.org/a/114,1.380441250259675,1
X,fullfact.org,https://fullfact.org/a/115,9.444235856203342,1
X,fullfact.org,https://fullfact.org/a/116,5.591914598242928,1
X,fullfact.org,https://fullfact.org/a/117,6.983469449888153,1
X,fullfact.org,https://fullfact.org/a/118,3.6519195128709114,1
X,fullfact.org,https://fullfact.org/a/119,8.107443408427729,1
X,factcheck.org,https://factcheck.org/a/0,5.035562416964615,1
X,factcheck.org,https://factcheck.org/a/1,2.2318298476591303,1
X,factcheck.org,https://factcheck.org/a/2,2.5987636698666634,1
X,factcheck.org,https://factcheck.org/a/3,22.455636963145594,1
X,factcheck.org,https://factcheck.org/a/4,4.684480754738058,1
X,factcheck.org,https://factcheck.org/a/5,11.372504113859288,1
X,factcheck.org,https://factcheck.org/a/6,4.6474799202832715,1
X,factcheck.org,https://factcheck.org/a/7,8.983141588206529,1
X,factcheck.org,https://factcheck.org/a/8,9.228474233207491,1
X,factcheck.org,https://factcheck.org/a/9,6.535943596882645,1
X,factcheck.org,https://factcheck.org/a/10,6.610972205227848,1
X,factcheck.org,https://factcheck.org/a/11,12.193962747078551,1
X,factcheck.org,https://factcheck.org/a/12,13.325879840077386,1
X,factcheck.org,https://factcheck.org/a/13,15.493516382913763,1
X,factcheck.org,https://factcheck.org/a/14,5.692861071964846,1
X,factcheck.org,https://factcheck.org/a/15,3.5351765412455345,1
X,factcheck.org,https://factcheck.org/a/16,6.971397293857157,1
X,factcheck.org,https://factcheck.org/a/17,9.053282493292315,1
X,factcheck.org,https://factcheck.org/a/18,7.880462530260173,1
X,factcheck.org,https://factcheck.org/a/19,5.654589288816916,1
X,factcheck.org,https://factcheck.org/a/20,7.6258276432074235,1
X,factcheck.org,https://factcheck.org/a/21,8.452755901913559,1
X,factcheck.org,https://factcheck.org/a/22,7.1380419153192145,1
X,factcheck.org,https://factcheck.org/a/23,10.00148241932237,1
X,factcheck.org,https://factcheck.org/a/24,13.41511744435706,1
X,factcheck.org,https://factcheck.org/a/25,4.67318719964489,1
X,factcheck.org,https://factcheck.org/a/26,4.043803021366741,1
X,factcheck.org,https://factcheck.org/a/27,15.927357125845589,1
X,factcheck.org,https://factcheck.org/a/28,7.241892609427063,1
X,factcheck.org,https://factcheck.org/a/29,7.467645482425165,1
X,factcheck.org,https://factcheck.org/a/30,8.479516228100609,1
X,factcheck.org,https://factcheck.org/a/31,3.638039967752204,1
X,factcheck.org,https://factcheck.org/a/32,17.57748020166213,1
X,factcheck.org,https://factcheck.org/a/33,8.274972075074395,1
X,factcheck.org,https://factcheck.org/a/34,7.288656571295026,1
X,factcheck.org,https://factcheck.org/a/35,3.3272560688373054,1
X,factcheck.org,https://factcheck.org/a/36,7.405419312656065,1
X,factcheck.org,https://factcheck.org/a/37,14.788221562843,1
X,factcheck.org,https://factcheck.org/a/38,4.2177529189084115,1
X,factcheck.org,https://factcheck.org/a/39,2.7673225154999175,1
X,factcheck.org,https://factcheck.org/a/40,1.5028412380533918,1
X,factcheck.org,https://factcheck.org/a/41,7.799289894216981,1
X,factcheck.org,https://factcheck.org/a/42,8.491692893202238,1
X,factcheck.org,https://factcheck.org/a/43,7.691622373309511,1
X,factcheck.org,https://factcheck.org/a/44,0.8584948356170687,1
X,factcheck.org,https://factcheck.org/a/45,5.736979428121355,1
X,factcheck.org,https://factcheck.org/a/46,10.494003098002935,1
X,factcheck.org,https://factcheck.org/a/47,7.831378226089927,1
X,factcheck.org,https://factcheck.org/a/48,7.427607754116086,1
X,factcheck.org,https://factcheck.org/a/49,7.369171773773774,1
X,factcheck.org,https://factcheck.org/a/50,5.39593765552175,1
X,factcheck.org,https://factcheck.org/a/51,17.105753752786757,1
X,factcheck.org,https://factcheck.org/a/52,5.698362927091589,1
X,factcheck.org,https://factcheck.org/a/53,10.010137846072636,1
X,factcheck.org,https://factcheck.org/a/54,3.0376014432872385,1
X,factcheck.org,https://factcheck.org/a/55,4.685363726385041,1
X,factcheck.org,https://factcheck.org/a/56,9.851018969164107,1
X,factcheck.org,https://factcheck.org/a/57,19.260996636717678,1
X,factcheck.org,https://factcheck.org/a/58,5.533441191139258,1
X,factcheck.org,https://factcheck.org/a/59,16.210082968955717,1
X,factcheck.org,https://factcheck.org/a/60,5.743363620884236,1
X,factcheck.org,https://factcheck.org/a/61,4.574919804405122,1
X,factcheck.org,https://factcheck.org/a/62,7.556545303713821,1
X,factcheck.org,https://factcheck.org/a/63,2.147318916044058,1
X,factcheck.org,https://factcheck.org/a/64,4.1331616576991035,1
X,factcheck.org,https://factcheck.org/a/65,6.084546966987942,1
X,factcheck.org,https://factcheck.org/a/66,3.037664386126565,1
X,factcheck.org,https://factcheck.org/a/67,8.776430160430124,1
X,factcheck.org,https://factcheck.org/a/68,9.336872902213518,1
X,factcheck.org,https://factcheck.org/a/69,16.26269184856137,1
X,factcheck.org,https://factcheck.org/a/70,2.902374398288407,1
X,factcheck.org,https://factcheck.org/a/71,6.954682943194573,1
X,factcheck.org,https://factcheck.org/a/72,6.425416395074992,1
X,factcheck.org,https://factcheck.org/a/73,1.9421640432413834,1
X,factcheck.org,https://factcheck.org/a/74,12.019587722838363,1
X,factcheck.org,https://factcheck.org/a/75,9.272936189315534,1
X,factcheck.org,https://factcheck.org/a/76,6.583576490318058,1
X,factcheck.org,https://factcheck.org/a/77,8.243619073777236,1
X,factcheck.org,https://factcheck.org/a/78,6.24299464853995,1
X,factcheck.org,https://factcheck.org/a/79,7.747146065791368,1
X,factcheck.org,https://factcheck.org/a/80,4.451426766348131,1
X,factcheck.org,https://factcheck.org/a/81,4.304588125591632,1
X,factcheck.org,https://factcheck.org/a/82,3.721080807623369,1
X,factcheck.org,https://factcheck.org/a/83,5.917621068301384,1
X,factcheck.org,https://factcheck.org/a/84,8.406798020094685,1
X,factcheck.org,https://factcheck.org/a/85,7.97648873441088,1
X,factcheck.org,https://factcheck.org/a/86,6.543274234178029,1
X,factcheck.org,https://factcheck.org/a/87,4.701152966078419,1
X,factcheck.org,https://factcheck.org/a/88,6.7738813969850575,1
X,factcheck.org,https://factcheck.org/a/89,1.4851082109101021,1
X,factcheck.org,https://factcheck.org/a/90,10.329463921866138,1
X,factcheck.org,https://factcheck.org/a/91,10.82032659793178,1
X,factcheck.org,https://factcheck.org/a/92,4.170034064652448,1
X,factcheck.org,https://factcheck.org/a/93,6.500471170581545,1
X,factcheck.org,https://factcheck.org/a/94,4.209445176962769,1
X,factcheck.org,https://factcheck.org/a/95,11.141577609611746,1
X,factcheck.org,https://factcheck.org/a/96,8.759297823060935,1
X,factcheck.org,https://factcheck.org/a/97,7.554054450590791,1
X,factcheck.org,https://factcheck.org/a/98,6.1100178354019565,1
X,factcheck.org,https://factcheck.org/a/99,13.928717035460666,1
X,factcheck.org,https://factcheck.org/a/100,14.704860909292325,1
X,factcheck.org,https://factcheck.org/a/101,7.24714512436869,1
X,factcheck.org,https://factcheck.org/a/102,5.898397634171519,1
X,factcheck.org,https://factcheck.org/a/103,16.064310414691988,1
X,factcheck.org,https://factcheck.org/a/104,6.777129228005209,1
X,factcheck.org,https://factcheck.org/a/105,7.20480594476519,1
X,factcheck.org,https://factcheck.org/a/106,9.004694235550176,1
X,factcheck.org,https://factcheck.org/a/107,6.413136018179983,1
X,factcheck.org,https://factcheck.org/a/108,6.891680956671179,1
X,factcheck.org,https://factcheck.org/a/109,11.58134203962116,1
X,factcheck.org,https://factcheck.org/a/110,2.321660649632623,1
X,factcheck.org,https://factcheck.org/a/111,8.61246738332339,1
X,factcheck.org,https://factcheck.org/a/112,6.641529765258405,1
X,factcheck.org,https://factcheck.org/a/113,2.191886212752605,1
X,factcheck.org,https://factcheck.org/a/114,6.147805691793313,1
X,factcheck.org,https://factcheck.org/a/115,10.334447943885706,1
X,factcheck.org,https://factcheck.org/a/116,15.58070558629993,1
X,factcheck.org,https://factcheck.org/a/117,3.8691817316861754,1
X,factcheck.org,https://factcheck.org/a/118,9.67758976392497,1
X,factcheck.org,https://factcheck.org/a/119,6.2524591956606095,1
X,politifact.com,https://politifact.com/a/0,9.6701415908436,1
X,politifact.com,https://politifact.com/a/1,5.764184807870212,1
X,politifact.com,https://politifact.com/a/2,9.843331862226028,1
X,politifact.com,https://politifact.com/a/3,3.5424254522357304,1
X,politifact.com,https://politifact.com/a/4,7.4750929040954555,1
X,politifact.com,https://politifact.com/a/5,4.568896291137061,1
X,politifact.com,https://politifact.com/a/6,5.851342894778913,1
X,politifact.com,https://politifact.com/a/7,8.121260126748947,1
X,politifact.com,https://politifact.com/a/8,5.447819415563145,1
X,politifact.com,https://politifact.com/a/9,4.350343860505245,1
X,politifact.com,https://politifact.com/a/10,16.79045462163352,1
X,politifact.com,https://politifact.com/a/11,7.324889973148371,1
X,politifact.com,https://politifact.com/a/12,15.717300388169301,1
X,politifact.com,https://politifact.com/a/13,4.371986628480765,1
X,politifact.com,https://politifact.com/a/14,6.246593035201869,1
X,politifact.com,https://politifact.com/a/15,1.705315726554966,1
X,politifact.com,https://politifact.com/a/16,11.737641990979151,1
X,politifact.com,https://politifact.com/a/17,5.861648038867401,1
X,politifact.com,https://politifact.com/a/18,4.067572219042318,1
X,politifact.com,https://politifact.com/a/19,4.564002511251464,1
X,politifact.com,https://politifact.com/a/20,7.535260590180703,1
X,politifact.com,https://politifact.com/a/21,6.409136176739017,1
X,politifact.com,https://politifact.com/a/22,11.294718891266127,1
X,politifact.com,https://politifact.com/a/23,9.96431220391307,1
X,politifact.com,https://politifact.com/a/24,11.77043515637647,1
X,politifact.com,https://politifact.com/a/25,7.472042822298876,1
X,politifact.com,https://politifact.com/a/26,9.453756342010093,1
X,politifact.com,https://politifact.com/a/27,11.064975660477456,1
X,politifact.com,https://politifact.com/a/28,4.13499796414772,1
X,politifact.com,https://politifact.com/a/29,5.875531805269435,1
X,politifact.com,https://politifact.com/a/30,8.30172860862038,1
X,politifact.com,https://politifact.com/a/31,3.9851076974901347,1
X,politifact.com,https://politifact.com/a/32,5.4102892241521525,1
X,politifact.com,https://politifact.com/a/33,7.549950815415139,1
X,politifact.com,https://politifact.com/a/34,6.425653076939036,1
X,politifact.com,https://politifact.com/a/35,8.030780919995715,1
X,politifact.com,https://politifact.com/a/36,7.587079151110474,1
X,politifact.com,https://politifact.com/a/37,10.016748017649144,1
X,politifact.com,https://politifact.com/a/38,5.006428109431256,1
X,politifact.com,https://politifact.com/a/39,2.61772640766928,1
X,politifact.com,https://politifact.com/a/40,2.5704615225403455,1
X,politifact.com,https://politifact.com/a/41,9.342826549015149,1
X,politifact.com,https://politifact.com/a/42,7.8338816637175235,1
X,politifact.com,https://politifact.com/a/43,7.184299317613366,1
X,politifact.com,https://politifact.com/a/44,5.261339701720147,1
X,politifact.com,https://politifact.com/a/45,10.749781628901042,1
X,politifact.com,https://politifact.com/a/46,3.895973570243708,1
X,politifact.com,https://politifact.com/a/47,1.4883013596952603,1
X,politifact.com,https://politifact.com/a/48,5.418663997028787,1
X,politifact.com,https://politifact.com/a/49,8.543032435976942,1
X,politifact.com,https://politifact.com/a/50,6.89221019334642,1
X,politifact.com,https://politifact.com/a/51,6.222096763121331,1
X,politifact.com,https://politifact.com/a/52,6.0004379277594735,1
X,politifact.com,https://politifact.com/a/53,4.228380060818916,1
X,politifact.com,https://politifact.com/a/54,12.6049386947158,1
X,politifact.com,https://politifact.com/a/55,3.09225329066795,1
X,politifact.com,https://politifact.com/a/56,2.1294067750113967,1
X,politifact.com,https://politifact.com/a/57,6.824257444015041,1
X,politifact.com,https://politifact.com/a/58,5.383432707514329,1
X,politifact.com,https://politifact.com/a/59,10.521008923133472,1
X,politifact.com,https://politifact.com/a/60,9.06932529330055,1
X,politifact.com,https://politifact.com/a/61,8.487032932494127,1
X,politifact.com,https://politifact.com/a/62,4.932249080081656,1
X,politifact.com,https://politifact.com/a/63,4.71557957037448,1
X,politifact.com,https://politifact.com/a/64,10.969832871649809,1
X,politifact.com,https://politifact.com/a/65,8.321097284000828,1
X,politifact.com,https://politifact.com/a/66,7.976109247935112,1
X,politifact.com,https://politifact.com/a/67,7.026656791501419,1
X,politifact.com,https://politifact.com/a/68,7.725165343079304,1
X,politifact.com,https://politifact.com/a/69,12.765722147344645,1
X,politifact.com,https://politifact.com/a/70,7.301626555299001,1
X,politifact.com,https://politifact.com/a/71,4.662837646704661,1
X,politifact.com,https://politifact.com/a/72,9.011334525043159,1
X,politifact.com,https://politifact.com/a/73,11.622622467724687,1
X,politifact.com,https://politifact.com/a/74,15.42011450423684,1
X,politifact.com,https://politifact.com/a/75,8.29197411691338,1
X,politifact.com,https://politifact.com/a/76,15.459317776535517,1
X,politifact.com,https://politifact.com/a/77,15.628939879526,1
X,politifact.com,https://politifact.com/a/78,11.447408064394791,1
X,politifact.com,https://politifact.com/a/79,4.443982632786969,1
X,politifact.com,https://politifact.com/a/80,14.888931875755473,1
X,politifact.com,https://politifact.com/a/81,4.471813739249525,1
X,politifact.com,https://politifact.com/a/82,8.70698127562905,1
X,politifact.com,https://politifact.com/a/83,6.618007723813428,1
X,politifact.com,https://politifact.com/a/84,6.516448870619422,1
X,politifact.com,https://politifact.com/a/85,10.147675836976317,1
X,politifact.com,https://politifact.com/a/86,6.432921610707826,1
X,politifact.com,https://politifact.com/a/87,3.481422512504,1
X,politifact.com,https://politifact.com/a/88,1.3735372475810799,1
X,politifact.com,https://politifact.com/a/89,21.714944583836203,1
X,politifact.com,https://politifact.com/a/90,3.076893547157101,1
X,politifact.com,https://politifact.com/a/91,10.206857002165203,1
X,politifact.com,https://politifact.com/a/92,3.7867199412035273,1
X,politifact.com,https://politifact.com/a/93,2.441834524792373,1
X,politifact.com,https://politifact.com/a/94,9.221914041763505,1
X,politifact.com,https://politifact.com/a/95,1.7084152318116748,1
X,politifact.com,https://politifact.com/a/96,8.416599616069028,1
X,politifact.com,https://politifact.com/a/97,4.263950291911289,1
X,politifact.com,https://politifact.com/a/98,7.086057614444545,1
X,politifact.com,https://politifact.com/a/99,11.893663998828133,1
X,politifact.com,https://politifact.com/a/100,13.404090294073129,1
X,politifact.com,https://politifact.com/a/101,7.48394354642892,1
X,politifact.com,https://politifact.com/a/102,13.24873008159689,1
X,politifact.com,https://politifact.com/a/103,6.258005338514903,1
X,politifact.com,https://politifact.com/a/104,6.667815531902692,1
X,politifact.com,https://politifact.com/a/105,3.738630015755331,1
X,politifact.com,https://politifact.com/a/106,7.884174276043564,1
X,politifact.com,https://politifact.com/a/107,8.386631293751886,1
X,politifact.com,https://politifact.com/a/108,2.3484153199685585,1
X,politifact.com,https://politifact.com/a/109,4.888395348281428,1
X,politifact.com,https://politifact.com/a/110,11.021260216113005,1
X,politifact.com,https://politifact.com/a/111,5.761460923422479,1
X,politifact.com,https://politifact.com/a/112,7.63246327922585,1
X,politifact.com,https://politifact.com/a/113,7.9028266673973,1
X,politifact.com,https://politifact.com/a/114,7.108851727913436,1
X,politifact.com,https://politifact.com/a/115,7.886418683652729,1
X,politifact.com,https://politifact.com/a/116,13.510597481394456,1
X,politifact.com,https://politifact.com/a/117,2.175119156126253,1
X,politifact.com,https://politifact.com/a/118,4.98538496294341,1
X,politifact.com,https://politifact.com/a/119,13.437406411706645,1
X,snopes.com,https://snopes.com/a/0,9.31800870080872,1
X,snopes.com,https://snopes.com/a/1,11.618190996128517,1
X,snopes.com,https://snopes.com/a/2,6.842663744341014,1
X,snopes.com,https://snopes.com/a/3,10.142342566577758,1
X,snopes.com,https://snopes.com/a/4,10.834771974712528,1
X,snopes.com,https://snopes.com/a/5,2.778880467789739,1
X,snopes.com,https://snopes.com/a/6,12.072603986051329,1
X,snopes.com,https://snopes.com/a/7,5.991502046658562,1
X,snopes.com,https://snopes.com/a/8,1.6807394620277607,1
X,snopes.com,https://snopes.com/a/9,8.534857396504156,1
X,snopes.com,https://snopes.com/a/10,2.5793566955640257,1
X,snopes.com,https://snopes.com/a/11,5.296165844452629,1
X,snopes.com,https://snopes.com/a/12,6.33403332913758,1
X,snopes.com,https://snopes.com/a/13,9.119202512206307,1
X,snopes.com,https://snopes.com/a/14,5.659068534000406,1
X,snopes.com,https://snopes.com/a/15,5.369216006151224,1
X,snopes.com,https://snopes.com/a/16,17.01593905828075,1
X,snopes.com,https://snopes.com/a/17,4.733905390954615,1
X,snopes.com,https://snopes.com/a/18,4.365764687228266,1
X,snopes.com,https://snopes.com/a/19,9.610070464106746,1
X,snopes.com,https://snopes.com/a/20,3.835214032060328,1
X,snopes.com,https://snopes.com/a/21,9.529749085947694,1
X,snopes.com,https://snopes.com/a/22,5.859362692730581,1
X,snopes.com,https://snopes.com/a/23,7.912575880351515,1
X,snopes.com,https://snopes.com/a/24,2.2253631514492884,1
X,snopes.com,https://snopes.com/a/25,14.071257147366227,1
X,snopes.com,https://snopes.com/a/26,4.999478869843221,1
X,snopes.com,https://snopes.com/a/27,3.4595345303271605,1
X,snopes.com,https://snopes.com/a/28,1.9693047364822076,1
X,snopes.com,https://snopes.com/a/29,6.626259093838681,1
X,snopes.com,https://snopes.com/a/30,2.986490933980913,1
X,snopes.com,https://snopes.com/a/31,7.529391862790178,1
X,snopes.com,https://snopes.com/a/32,3.5381197508081486,1
X,snopes.com,https://snopes.com/a/33,4.655071543424591,1
X,snopes.com,https://snopes.com/a/34,5.887812960328687,1
X,snopes.com,https://snopes.com/a/35,5.5657040266419235,1
X,snopes.com,https://snopes.com/a/36,6.446977188876143,1
X,snopes.com,https://snopes.com/a/37,13.39986803304584,1
X,snopes.com,https://snopes.com/a/38,12.439916711331472,1
X,snopes.com,https://snopes.com/a/39,10.259590366381294,1
X,snopes.com,https://snopes.com/a/40,6.318789562403801,1
X,snopes.com,https://snopes.com/a/41,6.084602695116145,1
X,snopes.com,https://snopes.com/a/42,3.2735796073176333,1
X,snopes.com,https://snopes.com/a/43,9.663588731193745,1
X,snopes.com,https://snopes.com/a/44,6.864479177425212,1
X,snopes.com,https://snopes.com/a/45,8.184424494823974,1
X,snopes.com,https://snopes.com/a/46,12.372790143255967,1
X,snopes.com,https://snopes.com/a/47,5.904391320157091,1
X,snopes.com,https://snopes.com/a/48,8.631801770493395,1
X,snopes.com,https://snopes.com/a/49,8.30521401582872,1
X,snopes.com,https://snopes.com/a/50,2.3633036784383465,1
X,snopes.com,https://snopes.com/a/51,7.11959699864898,1
X,snopes.com,https://snopes.com/a/52,5.4987356821710005,1
X,snopes.com,https://snopes.com/a/53,5.173538082631456,1
X,snopes.com,https://snopes.com/a/54,2.0746730866743914,1
X,snopes.com,https://snopes.com/a/55,9.75706920607855,1
X,snopes.com,https://snopes.com/a/56,11.109392469888725,1
X,snopes.com,https://snopes.com/a/57,2.8604123005915736,1
X,snopes.com,https://snopes.com/a/58,4.704644294264216,1
X,snopes.com,https://snopes.com/a/59,6.081205272730492,1
X,snopes.com,https://snopes.com/a/60,5.047877673907538,1
X,snopes.com,https://snopes.com/a/61,6.68590034351322,1
X,snopes.com,https://snopes.com/a/62,1.7401804874805298,1
X,snopes.com,https://snopes.com/a/63,10.879251187752162,1
X,snopes.com,https://snopes.com/a/64,2.8643765335942457,1
X,snopes.com,https://snopes.com/a/65,7.527604533078718,1
X,snopes.com,https://snopes.com/a/66,5.852973731179757,1
X,snopes.com,https://snopes.com/a/67,7.2888722841537845,1
X,snopes.com,https://snopes.com/a/68,7.383041776160932,1
X,snopes.com,https://snopes.com/a/69,12.665838454527222,1
X,snopes.com,https://snopes.com/a/70,7.859782654575188,1
X,snopes.com,https://snopes.com/a/71,3.4165818899767624,1
X,snopes.com,https://snopes.com/a/72,7.238961971325127,1
X,snopes.com,https://snopes.com/a/73,5.668491077275076,1
X,snopes.com,https://snopes.com/a/74,11.181142852062003,1
X,snopes.com,https://snopes.com/a/75,14.207050982379185,1
X,snopes.com,https://snopes.com/a/76,2.040073056085912,1
X,snopes.com,https://snopes.com/a/77,7.822398392203332,1
X,snopes.com,https://snopes.com/a/78,7.973217368482535,1
X,snopes.com,https://snopes.com/a/79,3.283655540191389,1
X,snopes.com,https://snopes.com/a/80,10.380745595851268,1
X,snopes.com,https://snopes.com/a/81,8.892201011764156,1
X,snopes.com,https://snopes.com/a/82,6.564383761333433,1
X,snopes.com,https://snopes.com/a/83,9.772340495402288,1
X,snopes.com,https://snopes.com/a/84,3.818857391724586,1
X,snopes.com,https://snopes.com/a/85,7.827534071753849,1
X,snopes.com,https://snopes.com/a/86,3.985854323762798,1
X,snopes.com,https://snopes.com/a/87,15.278857135401175,1
X,snopes.com,https://snopes.com/a/88,6.403628659485908,1
X,snopes.com,https://snopes.com/a/89,9.2058768995736,1
X,snopes.com,https://snopes.com/a/90,9.579220973120787,1
X,snopes.com,https://snopes.com/a/91,8.178804479564771,1
X,snopes.com,https://snopes.com/a/92,4.830063806382424,1
X,snopes.com,https://snopes.com/a/93,5.843060863409263,1
X,snopes.com,https://snopes.com/a/94,5.930130784954858,1
X,snopes.com,https://snopes.com/a/95,1.916109074428929,1
X,snopes.com,https://snopes.com/a/96,12.854192225367544,1
X,snopes.com,https://snopes.com/a/97,7.871772436488616,1
X,snopes.com,https://snopes.com/a/98,5.727830305552173,1
X,snopes.com,https://snopes.com/a/99,7.72581960280164,1
X,snopes.com,https://snopes.com/a/100,3.7016680582820785,1
X,snopes.com,https://snopes.com/a/101,11.89806026271702,1
X,snopes.com,https://snopes.com/a/102,5.01972602053684,1
X,snopes.com,https://snopes.com/a/103,4.890230937266658,1
X,snopes.com,https://snopes.com/a/104,7.938862173611846,1
X,snopes.com,https://snopes.com/a/105,9.452793023012365,1
X,snopes.com,https://snopes.com/a/106,9.12702844602981,1
X,snopes.com,https://snopes.com/a/107,10.341078742794812,1
X,snopes.com,https://snopes.com/a/108,12.39214174152523,1
X,snopes.com,https://snopes.com/a/109,3.825229490382338,1
X,snopes.com,https://snopes.com/a/110,8.991073467885357,1
X,snopes.com,https://snopes.com/a/111,11.855699636837405,1
X,snopes.com,https://snopes.com/a/112,1.9608813893028345,1
X,snopes.com,https://snopes.com/a/113,11.50454801669882,1
X,snopes.com,https://snopes.com/a/114,6.905015853043202,1
X,snopes.com,https://snopes.com/a/115,2.210986374103925,1
X,snopes.com,https://snopes.com/a/116,5.8733941326699926,1
X,snopes.com,https://snopes.com/a/117,7.637881770014461,1
X,snopes.com,https://snopes.com/a/118,5.079022417685227,1
X,snopes.com,https://snopes.com/a/119,12.682166472914034,1
X,reuters.com,https://reuters.com/a/0,2.1454347906520637,1
X,reuters.com,https://reuters.com/a/1,4.424461576296203,1
X,reuters.com,https://reuters.com/a/2,10.150559243140544,1
X,reuters.com,https://reuters.com/a/3,10.051674883231694,1
X,reuters.com,https://reuters.com/a/4,13.629061044119906,1
X,reuters.com,https://reuters.com/a/5,5.153185154289721,1
X,reuters.com,https://reuters.com/a/6,3.142865298349761,1
X,reuters.com,https://reuters.com/a/7,11.144257848239286,1
X,reuters.com,https://reuters.com/a/8,13.900342533793479,1
X,reuters.com,https://reuters.com/a/9,7.352129966269942,1
X,reuters.com,https://reuters.com/a/10,4.038532111012412,1
X,reuters.com,https://reuters.com/a/11,9.275638965503042,1
X,reuters.com,https://reuters.com/a/12,5.371197300051343,1
X,reuters.com,https://reuters.com/a/13,9.69481821737558,1
X,reuters.com,https://reuters.com/a/14,3.7952931767908566,1
X,reuters.com,https://reuters.com/a/15,5.612826161255893,1
X,reuters.com,https://reuters.com/a/16,16.508921652289125,1
X,reuters.com,https://reuters.com/a/17,2.7329548012244627,1
X,reuters.com,https://reuters.com/a/18,2.9612663226971447,1
X,reuters.com,https://reuters.com/a/19,3.3840819395956614,1
X,reuters.com,https://reuters.com/a/20,7.359637111785882,1
X,reuters.com,https://reuters.com/a/21,4.132058764673184,1
X,reuters.com,https://reuters.com/a/22,7.643474983524994,1
X,reuters.com,https://reuters.com/a/23,4.8137848413271875,1
X,reuters.com,https://reuters.com/a/24,4.324904429533495,1
X,reuters.com,https://reuters.com/a/25,2.8135775373699747,1
X,reuters.com,https://reuters.com/a/26,4.257672992486674,1
X,reuters.com,https://reuters.com/a/27,10.914431357460334,1
X,reuters.com,https://reuters.com/a/28,3.5137320081466847,1
X,reuters.com,https://reuters.com/a/29,2.941117539564756,1
X,reuters.com,https://reuters.com/a/30,3.0691911591166368,1
X,reuters.com,https://reuters.com/a/31,7.672184436304746,1
X,reuters.com,https://reuters.com/a/32,10.510513959102758,1
X,reuters.com,https://reuters.com/a/33,3.3570763981036857,1
X,reuters.com,https://reuters.com/a/34,10.667979159748452,1
X,reuters.com,https://reuters.com/a/35,6.538794730619513,1
X,reuters.com,https://reuters.com/a/36,11.959560007330492,1
X,reuters.com,https://reuters.com/a/37,7.86276162070275,1
X,reuters.com,https://reuters.com/a/38,5.183731455166111,1
X,reuters.com,https://reuters.com/a/39,4.892513617967898,1
X,reuters.com,https://reuters.com/a/40,9.884970474094455,1
X,reuters.com,https://reuters.com/a/41,9.535294066515466,1
X,reuters.com,https://reuters.com/a/42,5.663588221602505,1
X,reuters.com,https://reuters.com/a/43,6.22057828654642,1
X,reuters.com,https://reuters.com/a/44,8.904643339114019,1
X,reuters.com,https://reuters.com/a/45,11.506089380675663,1
X,reuters.com,https://reuters.com/a/46,10.886074183233964,1
X,reuters.com,https://reuters.com/a/47,5.577141294627791,1
X,reuters.com,https://reuters.com/a/48,4.382276353084751,1
X,reuters.com,https://reuters.com/a/49,6.640586861704854,1
X,reuters.com,https://reuters.com/a/50,7.415390263348172,1
X,reuters.com,https://reuters.com/a/51,9.86288399232705,1
X,reuters.com,https://reuters.com/a/52,6.735939077453344,1
X,reuters.com,https://reuters.com/a/53,8.131125553188905,1
X,reuters.com,https://reuters.com/a/54,5.9478213438730165,1
X,reuters.com,https://reuters.com/a/55,11.305413896604879,1
X,reuters.com,https://reuters.com/a/56,3.23626920852189,1
X,reuters.com,https://reuters.com/a/57,7.927947936125735,1
X,reuters.com,https://reuters.com/a/58,8.63450813270031,1
X,reuters.com,https://reuters.com/a/59,12.285065638754435,1
X,reuters.com,https://reuters.com/a/60,5.133049431187674,1
X,reuters.com,https://reuters.com/a/61,10.859222756001087,1
X,reuters.com,https://reuters.com/a/62,7.090547305063918,1
X,reuters.com,https://reuters.com/a/63,8.340428407634377,1
X,reuters.com,https://reuters.com/a/64,11.371817858985366,1
X,reuters.com,https://reuters.com/a/65,6.028054117568,1
X,reuters.com,https://reuters.com/a/66,6.631650488162504,1
X,reuters.com,https://reuters.com/a/67,7.9133434406831675,1
X,reuters.com,https://reuters.com/a/68,15.383704595307972,1
X,reuters.com,https://reuters.com/a/69,9.041761854936794,1
X,reuters.com,https://reuters.com/a/70,8.942332727367521,1
X,reuters.com,https://reuters.com/a/71,4.767127869089602,1
X,reuters.com,https://reuters.com/a/72,7.988632176076508,1
X,reuters.com,https://reuters.com/a/73,1.5530115923892767,1
X,reuters.com,https://reuters.com/a/74,10.07170293727308,1
X,reuters.com,https://reuters.com/a/75,6.58922907528324,1
X,reuters.com,https://reuters.com/a/76,8.565501841884979,1
X,reuters.com,https://reuters.com/a/77,14.042925683654772,1
X,reuters.com,https://reuters.com/a/78,4.1343793642817595,1
X,reuters.com,https://reuters.com/a/79,6.4232307726182665,1
X,reuters.com,https://reuters.com/a/80,1.2430849564011286,1
X,reuters.com,https://reuters.com/a/81,4.956324658806575,1
X,reuters.com,https://reuters.com/a/82,6.620897415823806,1
X,reuters.com,https://reuters.com/a/83,16.29039794237287,1
X,reuters.com,https://reuters.com/a/84,4.546230898262997,1
X,reuters.com,https://reuters.com/a/85,9.250749307970924,1
X,reuters.com,https://reuters.com/a/86,11.270167075983357,1
X,reuters.com,https://reuters.com/a/87,4.155479732146813,1
X,reuters.com,https://reuters.com/a/88,6.3749359349805825,1
X,reuters.com,https://reuters.com/a/89,7.266324913636704,1
X,reuters.com,https://reuters.com/a/90,5.806204771094417,1
X,reuters.com,https://reuters.com/a/91,4.73691398969303,1
X,reuters.com,https://reuters.com/a/92,9.007518165324873,1
X,reuters.com,https://reuters.com/a/93,11.376403236324926,1
X,reuters.com,https://reuters.com/a/94,11.840498248031157,1
X,reuters.com,https://reuters.com/a/95,5.9794792990464245,1
X,reuters.com,https://reuters.com/a/96,3.9634390501814303,1
X,reuters.com,https://reuters.com/a/97,8.065005067264769,1
X,reuters.com,https://reuters.com/a/98,9.69863030770662,1
X,reuters.com,https://reuters.com/a/99,4.841453003401518,1
X,reuters.com,https://reuters.com/a/100,5.180826749227907,1
X,reuters.com,https://reuters.com/a/101,5.827802071274752,1
X,reuters.com,https://reuters.com/a/102,10.657007756163877,1
X,reuters.com,https://reuters.com/a/103,4.047768013775274,1
X,reuters.com,https://reuters.com/a/104,5.44663680499636,1
X,reuters.com,https://reuters.com/a/105,11.904943733702936,1
X,reuters.com,https://reuters.com/a/106,13.71492531683448,1
X,reuters.com,https://reuters.com/a/107,10.038880957596893,1
X,reuters.com,https://reuters.com/a/108,6.711425870980005,1
X,reuters.com,https://reuters.com/a/109,6.833042169137643,1
X,reuters.com,https://reuters.com/a/110,11.372330669185756,1
X,reuters.com,https://reuters.com/a/111,8.232174694267567,1
X,reuters.com,https://reuters.com/a/112,4.595171099466902,1
X,reuters.com,https://reuters.com/a/113,14.958953084319106,1
X,reuters.com,https://reuters.com/a/114,1.866623121611068,1
X,reuters.com,https://reuters.com/a/115,7.171255302607446,1
X,reuters.com,https://reuters.com/a/116,3.4842022115103664,1
X,reuters.com,https://reuters.com/a/117,3.3660804398144997,1
X,reuters.com,https://reuters.com/a/118,13.019641377680662,1
X,reuters.com,https://reuters.com/a/119,9.482280394932248,1
X,apnews.com,https://apnews.com/a/0,7.598265862035635,1
X,apnews.com,https://apnews.com/a/1,3.3017576487611153,1
X,apnews.com,https://apnews.com/a/2,5.1530763910962385,1
X,apnews.com,https://apnews.com/a/3,4.155585076887837,1
X,apnews.com,https://apnews.com/a/4,9.32846556782051,1
X,apnews.com,https://apnews.com/a/5,9.75876733907753,1
X,apnews.com,https://apnews.com/a/6,7.801718763936135,1
X,apnews.com,https://apnews.com/a/7,4.078753612077083,1
X,apnews.com,https://apnews.com/a/8,10.123380976540638,1
X,apnews.com,https://apnews.com/a/9,2.390448023027984,1
X,apnews.com,https://apnews.com/a/10,4.1925758003545806,1
X,apnews.com,https://apnews.com/a/11,7.708977686750656,1
X,apnews.com,https://apnews.com/a/12,6.607838662041271,1
X,apnews.com,https://apnews.com/a/13,6.578470223250056,1
X,apnews.com,https://apnews.com/a/14,9.365201217461669,1
X,apnews.com,https://apnews.com/a/15,10.986018144421369,1
X,apnews.com,https://apnews.com/a/16,12.194411478013572,1
X,apnews.com,https://apnews.com/a/17,10.05894668010667,1
X,apnews.com,https://apnews.com/a/18,8.861269166005503,1
X,apnews.com,https://apnews.com/a/19,6.257509331856469,1
X,apnews.com,https://apnews.com/a/20,3.4602575098727595,1
X,apnews.com,https://apnews.com/a/21,6.965608720314664,1
X,apnews.com,https://apnews.com/a/22,15.068786129727123,1
X,apnews.com,https://apnews.com/a/23,4.4761167080628415,1
X,apnews.com,https://apnews.com/a/24,7.649572761224488,1
X,apnews.com,https://apnews.com/a/25,8.515517570953238,1
X,apnews.com,https://apnews.com/a/26,5.71056014421468,1
X,apnews.com,https://apnews.com/a/27,3.5183472376879856,1
X,apnews.com,https://apnews.com/a/28,15.662175429809484,1
X,apnews.com,https://apnews.com/a/29,10.570156696617017,1
X,apnews.com,https://apnews.com/a/30,9.144001314196176,1
X,apnews.com,https://apnews.com/a/31,3.6354874939192205,1
X,apnews.com,https://apnews.com/a/32,6.386126479152678,1
X,apnews.com,https://apnews.com/a/33,8.099251256771474,1
X,apnews.com,https://apnews.com/a/34,7.286061039749627,1
X,apnews.com,https://apnews.com/a/35,8.400353635920528,1
X,apnews.com,https://apnews.com/a/36,7.626127411016825,1
X,apnews.com,https://apnews.com/a/37,6.5789507100714335,1
X,apnews.com,https://apnews.com/a/38,7.620901418053699,1
X,apnews.com,https://apnews.com/a/39,10.646355509409197,1
X,apnews.com,https://apnews.com/a/40,4.162891477991396,1
X,apnews.com,https://apnews.com/a/41,11.7313003525567,1
X,apnews.com,https://apnews.com/a/42,7.520191772264943,1
X,apnews.com,https://apnews.com/a/43,9.557576765265123,1
X,apnews.com,https://apnews.com/a/44,7.031987056979323,1
X,apnews.com,https://apnews.com/a/45,3.530909254004347,1
X,apnews.com,https://apnews.com/a/46,5.359068763310027,1
X,apnews.com,https://apnews.com/a/47,11.19827590041864,1
X,apnews.com,https://apnews.com/a/48,5.076546922411767,1
X,apnews.com,https://apnews.com/a/49,4.43522180755839,1
X,apnews.com,https://apnews.com/a/50,3.4050288707008076,1
X,apnews.com,https://apnews.com/a/51,8.685081898802295,1
X,apnews.com,https://apnews.com/a/52,2.5236718125091784,1
X,apnews.com,https://apnews.com/a/53,5.868570275689429,1
X,apnews.com,https://apnews.com/a/54,10.220898425799337,1
X,apnews.com,https://apnews.com/a/55,1.6905812897054284,1
X,apnews.com,https://apnews.com/a/56,2.794539021984686,1
X,apnews.com,https://apnews.com/a/57,1.7274284297375027,1
X,apnews.com,https://apnews.com/a/58,2.535765736432999,1
X,apnews.com,https://apnews.com/a/59,5.0307526756660765,1
X,apnews.com,https://apnews.com/a/60,10.041577147275978,1
X,apnews.com,https://apnews.com/a/61,1.1772166077981123,1
X,apnews.com,https://apnews.com/a/62,13.870685711604702,1
X,apnews.com,https://apnews.com/a/63,5.460891390646062,1
X,apnews.com,https://apnews.com/a/64,4.365835062127546,1
X,apnews.com,https://apnews.com/a/65,10.743451854914309,1
X,apnews.com,https://apnews.com/a/66,5.76741067219602,1
X,apnews.com,https://apnews.com/a/67,2.5096182855941223,1
X,apnews.com,https://apnews.com/a/68,3.7157865906042193,1
X,apnews.com,https://apnews.com/a/69,13.381084325280716,1
X,apnews.com,https://apnews.com/a/70,14.111631672582021,1
X,apnews.com,https://apnews.com/a/71,13.674093571616446,1
X,apnews.com,https://apnews.com/a/72,9.867628697093059,1
X,apnews.com,https://apnews.com/a/73,7.022881652131248,1
X,apnews.com,https://apnews.com/a/74,3.0251591287101185,1
X,apnews.com,https://apnews.com/a/75,5.510443905419235,1
X,apnews.com,https://apnews.com/a/76,2.4630237343043273,1
X,apnews.com,https://apnews.com/a/77,10.39284658192784,1
X,apnews.com,https://apnews.com/a/78,5.524392311219193,1
X,apnews.com,https://apnews.com/a/79,2.543687528100527,1
X,apnews.com,https://apnews.com/a/80,5.5842568076544,1
X,apnews.com,https://apnews.com/a/81,7.695002032272288,1
X,apnews.com,https://apnews.com/a/82,6.972404720193121,1
X,apnews.com,https://apnews.com/a/83,8.257547491082075,1
X,apnews.com,https://apnews.com/a/84,5.766911743860227,1
X,apnews.com,https://apnews.com/a/85,3.672110043766664,1
X,apnews.com,https://apnews.com/a/86,7.807429102426076,1
X,apnews.com,https://apnews.com/a/87,5.186307791122994,1
X,apnews.com,https://apnews.com/a/88,12.242414165831637,1
X,apnews.com,https://apnews.com/a/89,1.4402483949193376,1
X,apnews.com,https://apnews.com/a/90,7.353671662568387,1
X,apnews.com,https://apnews.com/a/91,9.156549294062525,1
X,apnews.com,https://apnews.com/a/92,2.902329332811746,1
X,apnews.com,https://apnews.com/a/93,2.9984911376695287,1
X,apnews.com,https://apnews.com/a/94,13.196131982061116,1
X,apnews.com,https://apnews.com/a/95,1.0764481771787555,1
X,apnews.com,https://apnews.com/a/96,11.751043789568088,1
X,apnews.com,https://apnews.com/a/97,0.6879718679056785,1
X,apnews.com,https://apnews.com/a/98,3.7919243162289025,1
X,apnews.com,https://apnews.com/a/99,6.844084688968038,1
X,apnews.com,https://apnews.com/a/100,8.323561223768234,1
X,apnews.com,https://apnews.com/a/101,7.162174053515007,1
X,apnews.com,https://apnews.com/a/102,6.592197656208468,1
X,apnews.com,https://apnews.com/a/103,6.338762660823964,1
X,apnews.com,https://apnews.com/a/104,9.273827632665181,1
X,apnews.com,https://apnews.com/a/105,8.11906687232758,1
X,apnews.com,https://apnews.com/a/106,10.43714361363723,1
X,apnews.com,https://apnews.com/a/107,9.336870979205797,1
X,apnews.com,https://apnews.com/a/108,9.39570662424558,1
X,apnews.com,https://apnews.com/a/109,3.8289077776848384,1
X,apnews.com,https://apnews.com/a/110,3.6849191459169197,1
X,apnews.com,https://apnews.com/a/111,8.09477114349496,1
X,apnews.com,https://apnews.com/a/112,6.4414302065551245,1
X,apnews.com,https://apnews.com/a/113,7.272518327057863,1
X,apnews.com,https://apnews.com/a/114,8.615391859818672,1
X,apnews.com,https://apnews.com/a/115,4.754724479962096,1
X,apnews.com,https://apnews.com/a/116,7.815076113116708,1
X,apnews.com,https://apnews.com/a/117,5.53361258942536,1
X,apnews.com,https://apnews.com/a/118,14.09147746396676,1
X,apnews.com,https://apnews.com/a/119,0.6780554175232935,1
X,fact.qq.com,https://fact.qq.com/a/0,15.133256736816538,1
X,fact.qq.com,https://fact.qq.com/a/1,3.40204856872855,1
X,fact.qq.com,https://fact.qq.com/a/2,9.557861790939247,1
X,fact.qq.com,https://fact.qq.com/a/3,6.840350174214317,1
X,fact.qq.com,https://fact.qq.com/a/4,4.129544896980361,1
X,fact.qq.com,https://fact.qq.com/a/5,7.831769205643738,1
X,fact.qq.com,https://fact.qq.com/a/6,8.120721707446675,1
X,fact.qq.com,https://fact.qq.com/a/7,14.214029670396952,1
X,fact.qq.com,https://fact.qq.com/a/8,1.6827774739712076,1
X,fact.qq.com,https://fact.qq.com/a/9,3.899031887889823,1
X,fact.qq.com,https://fact.qq.com/a/10,9.320708555049718,1
X,fact.qq.com,https://fact.qq.com/a/11,8.375863550900366,1
X,fact.qq.com,https://fact.qq.com/a/12,10.345102252878515,1
X,fact.qq.com,https://fact.qq.com/a/13,13.727009658796025,1
X,fact.qq.com,https://fact.qq.com/a/14,0.9993452289523832,1
X,fact.qq.com,https://fact.qq.com/a/15,11.791078648709613,1
X,fact.qq.com,https://fact.qq.com/a/16,17.686579994870446,1
X,fact.qq.com,https://fact.qq.com/a/17,3.7421292704080953,1
X,fact.qq.com,https://fact.qq.com/a/18,5.7684339583292275,1
X,fact.qq.com,https://fact.qq.com/a/19,3.3638287021955233,1
X,fact.qq.com,https://fact.qq.com/a/20,4.466641217911735,1
X,fact.qq.com,https://fact.qq.com/a/21,5.739047074838716,1
X,fact.qq.com,https://fact.qq.com/a/22,10.644492240387796,1
X,fact.qq.com,https://fact.qq.com/a/23,8.440320565173437,1
X,fact.qq.com,https://fact.qq.com/a/24,7.131129358535565,1
X,fact.qq.com,https://fact.qq.com/a/25,8.49590683735305,1
X,fact.qq.com,https://fact.qq.com/a/26,5.7895032879842345,1
X,fact.qq.com,https://fact.qq.com/a/27,2.2811930818603905,1
X,fact.qq.com,https://fact.qq.com/a/28,12.777418844674983,1
X,fact.qq.com,https://fact.qq.com/a/29,5.792605421723459,1
X,fact.qq.com,https://fact.qq.com/a/30,2.280323255363685,1
X,fact.qq.com,https://fact.qq.com/a/31,8.597927767534378,1
X,fact.qq.com,https://fact.qq.com/a/32,4.926645639441656,1
X,fact.qq.com,https://fact.qq.com/a/33,5.544266079436529,1
X,fact.qq.com,https://fact.qq.com/a/34,8.86633289677314,1
X,fact.qq.com,https://fact.qq.com/a/35,12.023225644112552,1
X,fact.qq.com,https://fact.qq.com/a/36,9.800531484762756,1
X,fact.qq.com,https://fact.qq.com/a/37,8.74834721191079,1
X,fact.qq.com,https://fact.qq.com/a/38,6.232271920944936,1
X,fact.qq.com,https://fact.qq.com/a/39,11.016486186217193,1
X,fact.qq.com,https://fact.qq.com/a/40,9.007618761338154,1
X,fact.qq.com,https://fact.qq.com/a/41,7.046214990518638,1
X,fact.qq.com,https://fact.qq.com/a/42,3.1383626982267723,1
X,fact.qq.com,https://fact.qq.com/a/43,2.416392578370524,1
X,fact.qq.com,https://fact.qq.com/a/44,7.031601093840802,1
X,fact.qq.com,https://fact.qq.com/a/45,11.594211323565798,1
X,fact.qq.com,https://fact.qq.com/a/46,8.02789095881587,1
X,fact.qq.com,https://fact.qq.com/a/47,7.128925281149046,1
X,fact.qq.com,https://fact.qq.com/a/48,6.282087306169125,1
X,fact.qq.com,https://fact.qq.com/a/49,7.23183127130847,1
X,fact.qq.com,https://fact.qq.com/a/50,2.3081144788425805,1
X,fact.qq.com,https://fact.qq.com/a/51,4.352286235083568,1
X,fact.qq.com,https://fact.qq.com/a/52,3.3021231887469025,1
X,fact.qq.com,https://fact.qq.com/a/53,2.957156950275125,1
X,fact.qq.com,https://fact.qq.com/a/54,5.909243628652255,1
X,fact.qq.com,https://fact.qq.com/a/55,7.2835342036141055,1
X,fact.qq.com,https://fact.qq.com/a/56,9.33310912950206,1
X,fact.qq.com,https://fact.qq.com/a/57,6.804532704896502,1
X,fact.qq.com,https://fact.qq.com/a/58,1.8184519006483286,1
X,fact.qq.com,https://fact.qq.com/a/59,14.940391312081386,1
X,fact.qq.com,https://fact.qq.com/a/60,5.705935740770523,1
X,fact.qq.com,https://fact.qq.com/a/61,3.1165004502488243,1
X,fact.qq.com,https://fact.qq.com/a/62,4.833929685151126,1
X,fact.qq.com,https://fact.qq.com/a/63,6.536621213220036,1
X,fact.qq.com,https://fact.qq.com/a/64,14.830794822102472,1
X,fact.qq.com,https://fact.qq.com/a/65,5.1974314516645155,1
X,fact.qq.com,https://fact.qq.com/a/66,6.033888576135532,1
X,fact.qq.com,https://fact.qq.com/a/67,8.457286349986747,1
X,fact.qq.com,https://fact.qq.com/a/68,2.5128109293620438,1
X,fact.qq.com,https://fact.qq.com/a/69,7.708464792280353,1
X,fact.qq.com,https://fact.qq.com/a/70,6.041791954323987,1
X,fact.qq.com,https://fact.qq.com/a/71,3.577099743250349,1
X,fact.qq.com,https://fact.qq.com/a/72,3.019356399839768,1
X,fact.qq.com,https://fact.qq.com/a/73,8.785671906677361,1
X,fact.qq.com,https://fact.qq.com/a/74,4.8557211460446,1
X,fact.qq.com,https://fact.qq.com/a/75,8.379560680539097,1
X,fact.qq.com,https://fact.qq.com/a/76,10.791959813297959,1
X,fact.qq.com,https://fact.qq.com/a/77,6.1865226239726585,1
X,fact.qq.com,https://fact.qq.com/a/78,12.433720916742837,1
X,fact.qq.com,https://fact.qq.com/a/79,8.456200501272393,1
X,fact.qq.com,https://fact.qq.com/a/80,6.876793669597503,1
X,fact.qq.com,https://fact.qq.com/a/81,4.310750321967331,1
X,fact.qq.com,https://fact.qq.com/a/82,9.303247443121395,1
X,fact.qq.com,https://fact.qq.com/a/83,5.659677087016685,1
X,fact.qq.com,https://fact.qq.com/a/84,10.285571385089213,1
X,fact.qq.com,https://fact.qq.com/a/85,1.9708250478127616,1
X,fact.qq.com,https://fact.qq.com/a/86,5.7738906002752595,1
X,fact.qq.com,https://fact.qq.com/a/87,8.051023703676982,1
X,fact.qq.com,https://fact.qq.com/a/88,1.8430573535713868,1
X,fact.qq.com,https://fact.qq.com/a/89,9.30863143194667,1
X,fact.qq.com,https://fact.qq.com/a/90,2.94658307579025,1
X,fact.qq.com,https://fact.qq.com/a/91,3.0553400585391577,1
X,fact.qq.com,https://fact.qq.com/a/92,4.645890487125657,1
X,fact.qq.com,https://fact.qq.com/a/93,12.674053667230183,1
X,fact.qq.com,https://fact.qq.com/a/94,12.563981783827016,1
X,fact.qq.com,https://fact.qq.com/a/95,7.305414596797674,1
X,fact.qq.com,https://fact.qq.com/a/96,9.273091838454896,1
X,fact.qq.com,https://fact.qq.com/a/97,5.57275640822366,1
X,fact.qq.com,https://fact.qq.com/a/98,7.668684621330881,1
X,fact.qq.com,https://fact.qq.com/a/99,7.04194756498174,1
X,fact.qq.com,https://fact.qq.com/a/100,7.899863360622017,1
X,fact.qq.com,https://fact.qq.com/a/101,9.595809314611639,1
X,fact.qq.com,https://fact.qq.com/a/102,15.270437374766898,1
X,fact.qq.com,https://fact.qq.com/a/103,12.63260226618047,1
X,fact.qq.com,https://fact.qq.com/a/104,7.7881188018630905,1
X,fact.qq.com,https://fact.qq.com/a/105,4.064980328876841,1
X,fact.qq.com,https://fact.qq.com/a/106,12.238733210031318,1
X,fact.qq.com,https://fact.qq.com/a/107,13.114584892034651,1
X,fact.qq.com,https://fact.qq.com/a/108,7.0775587659414905,1
X,fact.qq.com,https://fact.qq.com/a/109,7.741036277324046,1
X,fact.qq.com,https://fact.qq.com/a/110,18.33854090052484,1
X,fact.qq.com,https://fact.qq.com/a/111,4.291013003080774,1
X,fact.qq.com,https://fact.qq.com/a/112,3.9869422828165364,1
X,fact.qq.com,https://fact.qq.com/a/113,7.1629289030987975,1
X,fact.qq.com,https://fact.qq.com/a/114,10.586208792511822,1
X,fact.qq.com,https://fact.qq.com/a/115,6.49551764894521,1
X,fact.qq.com,https://fact.qq.com/a/116,3.7709921550362355,1
X,fact.qq.com,https://fact.qq.com/a/117,11.906786715242442,1
X,fact.qq.com,https://fact.qq.com/a/118,8.832079552792722,1
X,fact.qq.com,https://fact.qq.com/a/119,8.550363743023157,1
X,piyao.org.cn,https://piyao.org.cn/a/0,16.25821275551374,1
X,piyao.org.cn,https://piyao.org.cn/a/1,8.769425760827135,1
X,piyao.org.cn,https://piyao.org.cn/a/2,4.717290786787926,1
X,piyao.org.cn,https://piyao.org.cn/a/3,8.833782734324844,1
X,piyao.org.cn,https://piyao.org.cn/a/4,11.155731429421948,1
X,piyao.org.cn,https://piyao.org.cn/a/5,9.38720748209362,1
X,piyao.org.cn,https://piyao.org.cn/a/6,7.636753678200863,1
X,piyao.org.cn,https://piyao.org.cn/a/7,3.769053681827905,1
X,piyao.org.cn,https://piyao.org.cn/a/8,5.575687498274131,1
X,piyao.org.cn,https://piyao.org.cn/a/9,1.4775122652717814,1
X,piyao.org.cn,https://piyao.org.cn/a/10,5.439615390218095,1
X,piyao.org.cn,https://piyao.org.cn/a/11,8.590360903413297,1
X,piyao.org.cn,https://piyao.org.cn/a/12,10.946355332827217,1
X,piyao.org.cn,https://piyao.org.cn/a/13,6.225830883471874,1
X,piyao.org.cn,https://piyao.org.cn/a/14,7.4765793255190705,1
X,piyao.org.cn,https://piyao.org.cn/a/15,6.214827018188797,1
X,piyao.org.cn,https://piyao.org.cn/a/16,4.008871004862812,1
X,piyao.org.cn,https://piyao.org.cn/a/17,2.3677079426568306,1
X,piyao.org.cn,https://piyao.org.cn/a/18,12.22223803549001,1
X,piyao.org.cn,https://piyao.org.cn/a/19,15.81431760644768,1
X,piyao.org.cn,https://piyao.org.cn/a/20,14.42927147791761,1
X,piyao.org.cn,https://piyao.org.cn/a/21,3.334865288638875,1
X,piyao.org.cn,https://piyao.org.cn/a/22,8.811040724073106,1
X,piyao.org.cn,https://piyao.org.cn/a/23,16.180408675124212,1
X,piyao.org.cn,https://piyao.org.cn/a/24,7.57824294264546,1
X,piyao.org.cn,https://piyao.org.cn/a/25,5.0577552239212435,1
X,piyao.org.cn,https://piyao.org.cn/a/26,6.191445184071965,1
X,piyao.org.cn,https://piyao.org.cn/a/27,3.0354505020321962,1
X,piyao.org.cn,https://piyao.org.cn/a/28,0.7940585479202418,1
X,piyao.org.cn,https://piyao.org.cn/a/29,3.5519723613432213,1
X,piyao.org.cn,https://piyao.org.cn/a/30,14.188904144929008,1
X,piyao.org.cn,https://piyao.org.cn/a/31,2.6072111697152462,1
X,piyao.org.cn,https://piyao.org.cn/a/32,10.021589120965752,1
X,piyao.org.cn,https://piyao.org.cn/a/33,4.968937550165547,1
X,piyao.org.cn,https://piyao.org.cn/a/34,6.394411391975265,1
X,piyao.org.cn,https://piyao.org.cn/a/35,5.573157405753022,1
X,piyao.org.cn,https://piyao.org.cn/a/36,8.31959878410381,1
X,piyao.org.cn,https://piyao.org.cn/a/37,4.0049491988745345,1
X,piyao.org.cn,https://piyao.org.cn/a/38,5.925057957006096,1
X,piyao.org.cn,https://piyao.org.cn/a/39,10.396940878299235,1
X,piyao.org.cn,https://piyao.org.cn/a/40,13.220528274002227,1
X,piyao.org.cn,https://piyao.org.cn/a/41,6.042036554791003,1
X,piyao.org.cn,https://piyao.org.cn/a/42,9.493555255021905,1
X,piyao.org.cn,https://piyao.org.cn/a/43,10.733507901423764,1
X,piyao.org.cn,https://piyao.org.cn/a/44,4.56452290097238,1
X,piyao.org.cn,https://piyao.org.cn/a/45,14.448544567052165,1
X,piyao.org.cn,https://piyao.org.cn/a/46,10.332878368595265,1
X,piyao.org.cn,https://piyao.org.cn/a/47,4.440706873444203,1
X,piyao.org.cn,https://piyao.org.cn/a/48,6.796428487396582,1
X,piyao.org.cn,https://piyao.org.cn/a/49,3.5269242993195293,1
X,piyao.org.cn,https://piyao.org.cn/a/50,2.773433701657538,1
X,piyao.org.cn,https://piyao.org.cn/a/51,7.182325713795999,1
X,piyao.org.cn,https://piyao.org.cn/a/52,5.321796839119835,1
X,piyao.org.cn,https://piyao.org.cn/a/53,4.141117965043396,1
X,piyao.org.cn,https://piyao.org.cn/a/54,7.426746755916279,1
X,piyao.org.cn,https://piyao.org.cn/a/55,5.589887830511602,1
X,piyao.org.cn,https://piyao.org.cn/a/56,5.620562843545267,1
X,piyao.org.cn,https://piyao.org.cn/a/57,15.267948098081554,1
X,piyao.org.cn,https://piyao.org.cn/a/58,5.772956851546395,1
X,piyao.org.cn,https://piyao.org.cn/a/59,3.375622275134136,1
X,piyao.org.cn,https://piyao.org.cn/a/60,10.447758770131014,1
X,piyao.org.cn,https://piyao.org.cn/a/61,10.888290414173959,1
X,piyao.org.cn,https://piyao.org.cn/a/62,9.591254836394473,1
X,piyao.org.cn,https://piyao.org.cn/a/63,8.218135511910948,1
X,piyao.org.cn,https://piyao.org.cn/a/64,6.8991500855927015,1
X,piyao.org.cn,https://piyao.org.cn/a/65,11.627549152724098,1
X,piyao.org.cn,https://piyao.org.cn/a/66,10.255231560846969,1
X,piyao.org.cn,https://piyao.org.cn/a/67,2.930317268874606,1
X,piyao.org.cn,https://piyao.org.cn/a/68,4.5088697732084215,1
X,piyao.org.cn,https://piyao.org.cn/a/69,6.446596390120096,1
X,piyao.org.cn,https://piyao.org.cn/a/70,3.0987384038011156,1
X,piyao.org.cn,https://piyao.org.cn/a/71,1.3298456808910442,1
X,piyao.org.cn,https://piyao.org.cn/a/72,4.297968669723254,1
X,piyao.org.cn,https://piyao.org.cn/a/73,8.29117394204129,1
X,piyao.org.cn,https://piyao.org.cn/a/74,9.827868371410581,1
X,piyao.org.cn,https://piyao.org.cn/a/75,4.25788494554876,1
X,piyao.org.cn,https://piyao.org.cn/a/76,5.770004970203426,1
X,piyao.org.cn,https://piyao.org.cn/a/77,3.444579877256112,1
X,piyao.org.cn,https://piyao.org.cn/a/78,3.5668277879255443,1
X,piyao.org.cn,https://piyao.org.cn/a/79,9.630807540923438,1
X,piyao.org.cn,https://piyao.org.cn/a/80,6.994123053275722,1
X,piyao.org.cn,https://piyao.org.cn/a/81,8.692509776790356,1
X,piyao.org.cn,https://piyao.org.cn/a/82,9.242465587221908,1
X,piyao.org.cn,https://piyao.org.cn/a/83,8.341579605659886,1
X,piyao.org.cn,https://piyao.org.cn/a/84,10.778897002610677,1
X,piyao.org.cn,https://piyao.org.cn/a/85,5.6345428787675464,1
X,piyao.org.cn,https://piyao.org.cn/a/86,15.391014193786207,1
X,piyao.org.cn,https://piyao.org.cn/a/87,4.363963696354162,1
X,piyao.org.cn,https://piyao.org.cn/a/88,4.370732040666338,1
X,piyao.org.cn,https://piyao.org.cn/a/89,9.342834148853049,1
X,piyao.org.cn,https://piyao.org.cn/a/90,2.845696182244481,1
X,piyao.org.cn,https://piyao.org.cn/a/91,10.05077245122074,1
X,piyao.org.cn,https://piyao.org.cn/a/92,13.25487932100253,1
X,piyao.org.cn,https://piyao.org.cn/a/93,9.801798437985365,1
X,piyao.org.cn,https://piyao.org.cn/a/94,16.59849296840181,1
X,piyao.org.cn,https://piyao.org.cn/a/95,10.749624633519293,1
X,piyao.org.cn,https://piyao.org.cn/a/96,5.402400196136738,1
X,piyao.org.cn,https://piyao.org.cn/a/97,8.388713027100286,1
X,piyao.org.cn,https://piyao.org.cn/a/98,13.025039791165682,1
X,piyao.org.cn,https://piyao.org.cn/a/99,10.356165304652782,1
X,piyao.org.cn,https://piyao.org.cn/a/100,1.6547829169130943,1
X,piyao.org.cn,https://piyao.org.cn/a/101,3.340547479058063,1
X,piyao.org.cn,https://piyao.org.cn/a/102,5.383943457312933,1
X,piyao.org.cn,https://piyao.org.cn/a/103,1.5913538294326193,1
X,piyao.org.cn,https://piyao.org.cn/a/104,10.776745281731742,1
X,piyao.org.cn,https://piyao.org.cn/a/105,9.911348006802188,1
X,piyao.org.cn,https://piyao.org.cn/a/106,3.9104181010337093,1
X,piyao.org.cn,https://piyao.org.cn/a/107,1.957917343445114,1
X,piyao.org.cn,https://piyao.org.cn/a/108,2.503478566917096,1
X,piyao.org.cn,https://piyao.org.cn/a/109,7.866071786273364,1
X,piyao.org.cn,https://piyao.org.cn/a/110,1.8533860720885493,1
X,piyao.org.cn,https://piyao.org.cn/a/111,7.7224949363387525,1
X,piyao.org.cn,https://piyao.org.cn/a/112,3.7766344956533615,1
X,piyao.org.cn,https://piyao.org.cn/a/113,9.170171013289645,1
X,piyao.org.cn,https://piyao.org.cn/a/114,4.728692018337605,1
X,piyao.org.cn,https://piyao.org.cn/a/115,5.221265313535254,1
X,piyao.org.cn,https://piyao.org.cn/a/116,11.156174002829434,1
X,piyao.org.cn,https://piyao.org.cn/a/117,4.084523367410786,1
X,piyao.org.cn,https://piyao.org.cn/a/118,11.03747251097253,1
X,piyao.org.cn,https://piyao.org.cn/a/119,5.853512396131967,1
